{"cameraMode":{"drawMode":0,"name":"Shaded","section":"Shading Mode"},"sceneLighting":false,"audioPlay":false,"sceneViewState":{"m_AlwaysRefresh":false,"showFog":true,"showSkybox":true,"showFlares":true,"showImageEffects":true,"showParticleSystems":true,"showVisualEffectGraphs":true,"m_FxEnabled":true},"in2DMode":false,"pivot":{"x":15.698368072509766,"y":-4.166934490203857,"z":13.502347946166993},"rotation":{"x":0.18096856772899629,"y":0.23383690416812898,"z":-0.04395507648587227,"w":0.9543448090553284},"size":25.401714324951173,"orthographic":false}